group,y_true,y_pred,y_prob,age_group,socioeconomic_status
Group_1,1.0,1.0,0.8659337465628956,31-45,Low
Group_4,0.0,0.0,0.44133560215982093,31-45,Low
Group_2,0.0,1.0,0.5805399710882205,18-30,Low
Group_2,0.0,0.0,0.5464904336710197,46-60,Low
Group_4,0.0,1.0,0.548736599592031,46-60,Upper_Middle
Group_4,0.0,0.0,0.30530080603906856,61+,Lower_Middle
Group_1,1.0,1.0,0.95,31-45,Lower_Middle
Group_1,1.0,1.0,0.95,18-30,Upper_Middle
Group_4,1.0,1.0,0.6815768183982887,31-45,Upper_Middle
Group_4,0.0,0.0,0.4530149994439295,61+,Upper_Middle
Group_3,1.0,0.0,0.5131215834593338,61+,Lower_Middle
Group_1,1.0,1.0,0.8375491695298525,46-60,Low
Group_4,0.0,0.0,0.3470640866634348,46-60,Low
Group_4,0.0,0.0,0.5403139419886378,31-45,Lower_Middle
Group_3,1.0,1.0,0.4891888052710256,18-30,Low
Group_2,1.0,0.0,0.906995993316008,31-45,High
Group_4,0.0,0.0,0.5881786850923315,18-30,Upper_Middle
Group_4,1.0,0.0,0.20439434403507142,61+,Lower_Middle
Group_4,0.0,0.0,0.4251156572768055,18-30,Lower_Middle
Group_4,1.0,1.0,0.3018277112974918,46-60,Low
Group_3,1.0,1.0,0.5574107778879076,46-60,Low
Group_2,1.0,1.0,0.6467788589345103,61+,Upper_Middle
Group_2,1.0,1.0,0.7570441931902885,18-30,High
Group_1,1.0,1.0,0.801166220013337,61+,Lower_Middle
Group_2,1.0,0.0,0.39154306249588955,61+,Low
Group_2,0.0,1.0,0.7606615616045398,31-45,Lower_Middle
Group_2,1.0,1.0,0.882454193855398,31-45,High
Group_3,0.0,0.0,0.5216818872513355,46-60,Low
Group_1,1.0,1.0,0.95,31-45,High
Group_4,1.0,1.0,0.5026705119465498,31-45,Lower_Middle
Group_1,1.0,1.0,0.8945721834965707,18-30,Lower_Middle
Group_2,0.0,1.0,0.3787106583141625,61+,Low
Group_2,1.0,1.0,0.8056031206112014,46-60,High
Group_4,1.0,0.0,0.6026700683491757,46-60,Upper_Middle
Group_1,1.0,1.0,0.8943028620867473,46-60,Lower_Middle
Group_3,1.0,1.0,0.7333102461074464,18-30,High
Group_1,1.0,1.0,0.8725325259304146,61+,Upper_Middle
Group_2,1.0,1.0,0.4600321610119505,18-30,Low
Group_4,0.0,1.0,0.40784930235443856,31-45,Low
Group_3,1.0,1.0,0.5966750417234283,61+,High
Group_1,1.0,1.0,0.95,31-45,High
Group_2,1.0,1.0,0.6006466296223476,31-45,Low
Group_2,1.0,1.0,0.6282785435731599,18-30,Lower_Middle
Group_1,1.0,1.0,0.95,46-60,High
Group_3,0.0,1.0,0.5799652985830483,46-60,Low
Group_3,0.0,1.0,0.39722510762936375,61+,Low
Group_3,1.0,1.0,0.7732749576789903,46-60,Upper_Middle
Group_3,1.0,1.0,0.8052670062083855,18-30,Upper_Middle
Group_1,1.0,0.0,0.95,31-45,High
Group_4,1.0,1.0,0.4342037796556187,61+,Upper_Middle
Group_1,0.0,1.0,0.7714683510806238,46-60,Low
Group_1,1.0,1.0,0.95,31-45,High
Group_4,1.0,0.0,0.42744791395217724,61+,High
Group_3,0.0,0.0,0.5399255963986895,46-60,Low
Group_3,1.0,1.0,0.879879534094826,31-45,High
Group_1,1.0,1.0,0.95,31-45,Upper_Middle
Group_2,1.0,0.0,0.653867907839581,61+,Upper_Middle
Group_2,1.0,1.0,0.6634228698094249,46-60,Lower_Middle
Group_4,1.0,0.0,0.3237519201574685,46-60,Low
Group_1,1.0,1.0,0.95,46-60,Upper_Middle
Group_3,1.0,0.0,0.5742629815701773,18-30,Low
Group_4,0.0,1.0,0.5172433019966014,46-60,Lower_Middle
Group_2,0.0,0.0,0.447067055250417,61+,Lower_Middle
Group_3,0.0,0.0,0.38011150702401153,61+,Low
Group_2,1.0,1.0,0.6000799200546177,46-60,Lower_Middle
Group_1,1.0,1.0,0.95,18-30,High
Group_2,1.0,0.0,0.5329568877283831,46-60,Low
Group_1,1.0,1.0,0.95,31-45,High
Group_2,1.0,1.0,0.8287443062755809,46-60,Upper_Middle
Group_1,0.0,1.0,0.757110149932819,18-30,Low
Group_3,1.0,1.0,0.8648350841311191,31-45,High
Group_3,1.0,1.0,0.5961400171266772,46-60,Low
Group_4,0.0,1.0,0.5873589913268233,46-60,High
Group_1,1.0,1.0,0.95,31-45,Upper_Middle
Group_3,0.0,1.0,0.6554855026926624,31-45,Low
Group_4,1.0,0.0,0.3675199727756017,18-30,Low
Group_2,1.0,1.0,0.5246465814115301,46-60,Low
Group_1,1.0,1.0,0.8625492049992328,61+,Upper_Middle
Group_2,0.0,1.0,0.8958181805946684,31-45,High
Group_2,0.0,1.0,0.465180148134633,61+,Lower_Middle
Group_4,0.0,1.0,0.4514117685648589,61+,Upper_Middle
Group_3,0.0,0.0,0.6165303732769851,31-45,Low
Group_3,1.0,1.0,0.819634800080137,46-60,Upper_Middle
Group_2,0.0,1.0,0.4983596648607513,61+,Lower_Middle
Group_4,0.0,0.0,0.17560564825095226,61+,Low
Group_2,0.0,0.0,0.4578285310868019,61+,Low
Group_2,1.0,1.0,0.9067871414937838,31-45,High
Group_4,1.0,1.0,0.43714444069369246,18-30,Lower_Middle
Group_4,1.0,0.0,0.49632745473932033,61+,High
Group_4,0.0,0.0,0.5850436341035612,18-30,High
Group_4,0.0,1.0,0.5847235729397359,46-60,Upper_Middle
Group_1,0.0,1.0,0.95,31-45,High
Group_1,1.0,0.0,0.877556846815509,61+,Upper_Middle
Group_2,0.0,0.0,0.41381625711079206,61+,Low
Group_2,1.0,0.0,0.7958231693462846,18-30,Upper_Middle
Group_2,1.0,1.0,0.9044150588622989,31-45,Upper_Middle
Group_1,1.0,1.0,0.8459979055757209,31-45,Low
Group_3,0.0,1.0,0.8096731857362253,46-60,High
Group_1,0.0,0.0,0.8887806287757628,31-45,Low
Group_2,1.0,0.0,0.7960589287048844,46-60,High
Group_4,1.0,1.0,0.5863422931577957,46-60,High
Group_3,1.0,1.0,0.5521632695503863,61+,Lower_Middle
Group_2,1.0,0.0,0.6654535382095015,61+,Upper_Middle
Group_2,1.0,0.0,0.49866618211088654,61+,Lower_Middle
Group_2,1.0,0.0,0.6493983204234686,61+,Upper_Middle
Group_1,1.0,0.0,0.8806580030695929,31-45,Low
Group_1,1.0,1.0,0.8162974742869109,46-60,Low
Group_3,0.0,1.0,0.6292498182324702,18-30,Lower_Middle
Group_1,1.0,1.0,0.95,46-60,High
Group_1,1.0,0.0,0.95,31-45,Upper_Middle
Group_3,0.0,1.0,0.7320501872535942,31-45,Lower_Middle
Group_3,1.0,1.0,0.8154261221001697,46-60,Upper_Middle
Group_4,1.0,1.0,0.3952738219085686,18-30,Low
Group_2,1.0,1.0,0.6114332684199008,46-60,Lower_Middle
Group_4,1.0,0.0,0.5863031994149335,46-60,High
Group_4,1.0,1.0,0.5012688906452988,18-30,Lower_Middle
Group_3,1.0,0.0,0.5163227612854377,46-60,Low
Group_3,1.0,1.0,0.6255575840041009,31-45,Low
Group_2,1.0,1.0,0.854473555953284,46-60,High
Group_3,1.0,0.0,0.6049045877885342,18-30,Low
Group_3,1.0,0.0,0.48047606166965406,61+,Lower_Middle
Group_2,1.0,0.0,0.7505052925269341,18-30,High
Group_1,1.0,1.0,0.9243866364441583,46-60,Lower_Middle
Group_1,1.0,0.0,0.7696120080808537,46-60,Low
Group_3,0.0,1.0,0.419670387945825,61+,Low
Group_4,0.0,0.0,0.28540780030646773,18-30,Low
Group_1,1.0,1.0,0.8937833028345019,61+,Upper_Middle
Group_2,1.0,0.0,0.663519260281581,61+,Upper_Middle
Group_4,0.0,0.0,0.40630691645998684,46-60,Lower_Middle
Group_1,0.0,1.0,0.8304911203897614,18-30,Lower_Middle
Group_1,1.0,1.0,0.95,18-30,High
Group_3,0.0,1.0,0.7460712439537576,31-45,Lower_Middle
Group_1,1.0,0.0,0.8721891080002587,31-45,Low
Group_1,1.0,1.0,0.95,31-45,Lower_Middle
Group_3,0.0,1.0,0.6903647921322056,18-30,Lower_Middle
Group_2,0.0,1.0,0.7693386965455458,31-45,Lower_Middle
Group_2,0.0,1.0,0.39885104187582215,61+,Low
Group_3,1.0,0.0,0.5280798945224808,18-30,Low
Group_3,1.0,0.0,0.6708307094087846,46-60,Lower_Middle
Group_1,0.0,1.0,0.7790300253847718,46-60,Low
Group_3,1.0,0.0,0.7657493964067777,18-30,Upper_Middle
Group_3,1.0,1.0,0.5454793981213415,46-60,Low
Group_1,1.0,1.0,0.8789747767271165,18-30,Lower_Middle
Group_3,1.0,1.0,0.5900749390027968,18-30,Lower_Middle
Group_2,1.0,0.0,0.5137042030840281,46-60,Low
Group_4,0.0,1.0,0.17062382388761246,61+,Low
Group_4,1.0,0.0,0.6744569985830768,31-45,High
Group_4,1.0,0.0,0.4399542668301435,61+,High
Group_3,1.0,0.0,0.3972378454187727,61+,Low
Group_1,0.0,1.0,0.8108732631191985,46-60,Low
Group_4,0.0,0.0,0.2665830064380953,61+,Lower_Middle
Group_3,1.0,1.0,0.676876485473677,31-45,Low
Group_2,0.0,0.0,0.6504596540132604,46-60,Lower_Middle
Group_2,1.0,1.0,0.4837636089240656,61+,Lower_Middle
Group_3,1.0,0.0,0.822296402863899,18-30,High
Group_2,0.0,0.0,0.6724251544302893,31-45,Low
Group_3,1.0,1.0,0.7766723430945148,31-45,Lower_Middle
Group_2,1.0,1.0,0.6594493483584868,18-30,Lower_Middle
Group_1,1.0,1.0,0.95,46-60,Upper_Middle
Group_3,1.0,0.0,0.3315781414346584,61+,Low
Group_3,1.0,1.0,0.47803682537679654,61+,Lower_Middle
Group_1,1.0,1.0,0.7982159671950972,18-30,Low
Group_1,1.0,1.0,0.95,46-60,High
Group_1,1.0,1.0,0.6022607408413436,61+,Low
Group_2,0.0,0.0,0.5041668512483523,46-60,Low
Group_2,0.0,1.0,0.7462593898209551,31-45,Lower_Middle
Group_4,0.0,0.0,0.41418136650376525,18-30,Lower_Middle
Group_4,1.0,0.0,0.3890940964414542,18-30,Low
Group_1,0.0,1.0,0.95,31-45,Upper_Middle
Group_4,0.0,0.0,0.19655380924922836,61+,Low
Group_2,1.0,1.0,0.7987212641376332,18-30,Upper_Middle
Group_4,1.0,1.0,0.4288258203507896,61+,Upper_Middle
Group_2,1.0,1.0,0.6068811678015547,61+,High
Group_2,1.0,1.0,0.7801495636153963,46-60,High
Group_4,0.0,1.0,0.44325746954500245,18-30,Lower_Middle
Group_2,1.0,0.0,0.7713640110302374,18-30,High
Group_1,1.0,1.0,0.95,46-60,High
Group_4,1.0,1.0,0.4310899194431835,46-60,Lower_Middle
Group_1,1.0,1.0,0.8714793704129277,31-45,Low
Group_3,1.0,0.0,0.6465468892408374,31-45,Low
Group_1,1.0,1.0,0.7143008421658935,61+,Lower_Middle
Group_3,0.0,1.0,0.5047817407145178,61+,Lower_Middle
Group_2,1.0,1.0,0.608221784226451,46-60,Lower_Middle
Group_4,0.0,0.0,0.42494379315697917,31-45,Low
Group_3,1.0,0.0,0.6212071306517014,46-60,Low
Group_4,0.0,1.0,0.35435340378039265,18-30,Low
Group_3,0.0,1.0,0.8367152790080914,46-60,High
Group_1,1.0,1.0,0.8729877814233409,18-30,Lower_Middle
Group_1,1.0,1.0,0.95,18-30,High
Group_2,1.0,1.0,0.8117462188004448,46-60,High
Group_1,1.0,0.0,0.7422125337376302,61+,Lower_Middle
Group_3,1.0,0.0,0.7415713723544736,46-60,Upper_Middle
Group_1,1.0,1.0,0.9006497216457966,46-60,Lower_Middle
Group_2,0.0,1.0,0.48886539348495683,18-30,Low
Group_4,0.0,1.0,0.4433630758912367,46-60,Lower_Middle
Group_4,0.0,0.0,0.44478495143258734,61+,High
Group_3,1.0,1.0,0.7912453043978144,46-60,Upper_Middle
Group_4,1.0,1.0,0.7024726514570301,31-45,Upper_Middle
Group_4,0.0,1.0,0.617129674402261,18-30,High
Group_3,1.0,0.0,0.5544469681520556,46-60,Low
Group_1,1.0,1.0,0.8580112240489433,31-45,Low
Group_1,1.0,1.0,0.8818154616971755,46-60,Lower_Middle
Group_3,1.0,0.0,0.8848811888383478,31-45,Upper_Middle
Group_3,1.0,1.0,0.7462042896939897,46-60,High
Group_2,0.0,1.0,0.5578078914129749,18-30,Low
Group_3,1.0,0.0,0.6149848391586409,18-30,Lower_Middle
Group_4,0.0,1.0,0.593518402153596,46-60,Upper_Middle
Group_3,1.0,0.0,0.6107119400158275,46-60,Lower_Middle
Group_4,1.0,1.0,0.4506805795357399,61+,Upper_Middle
Group_4,0.0,0.0,0.46786634586667464,61+,Upper_Middle
Group_4,1.0,1.0,0.6509695821048009,31-45,Upper_Middle
Group_4,1.0,0.0,0.5636698463994447,18-30,Upper_Middle
Group_1,1.0,1.0,0.8665135078771414,61+,Upper_Middle
Group_4,0.0,0.0,0.2907440520835194,61+,Lower_Middle
Group_1,1.0,1.0,0.6769069650119458,61+,Lower_Middle
Group_3,1.0,1.0,0.762828457830569,18-30,Upper_Middle
Group_2,1.0,0.0,0.6156756957147229,18-30,Lower_Middle
Group_2,1.0,1.0,0.626748082734232,61+,High
Group_1,0.0,1.0,0.95,46-60,High
Group_3,0.0,1.0,0.5887441049376507,31-45,Low
Group_4,0.0,0.0,0.2812632894847313,18-30,Low
Group_2,1.0,1.0,0.5926784772161736,18-30,Lower_Middle
Group_4,0.0,0.0,0.47024081140988,46-60,Lower_Middle
Group_1,1.0,1.0,0.6308987990078062,61+,Low
Group_3,0.0,1.0,0.5094123093608048,46-60,Low
Group_1,1.0,0.0,0.95,18-30,High
Group_1,0.0,1.0,0.6666678482765093,61+,Lower_Middle
Group_2,0.0,1.0,0.6490288827298658,46-60,Lower_Middle
Group_3,0.0,1.0,0.5258970556038346,18-30,Low
Group_1,1.0,0.0,0.7608529253134685,61+,Lower_Middle
Group_4,1.0,1.0,0.5161375530317853,31-45,Lower_Middle
Group_2,0.0,1.0,0.6145048455436379,61+,High
Group_3,1.0,0.0,0.3981690949512504,61+,Low
Group_1,1.0,1.0,0.95,46-60,High
Group_3,1.0,1.0,0.8158927693416769,46-60,High
Group_3,1.0,0.0,0.9320336944249135,31-45,High
Group_1,1.0,1.0,0.9111784636013428,61+,High
Group_2,0.0,0.0,0.6446149989371742,46-60,Lower_Middle
Group_3,1.0,0.0,0.5244588684928362,18-30,Low
Group_3,1.0,0.0,0.8081643495019308,46-60,High
Group_1,1.0,1.0,0.7420165582582438,61+,Lower_Middle
Group_3,0.0,1.0,0.6362807349002119,61+,High
Group_2,0.0,1.0,0.5551908686821129,18-30,Low
Group_1,1.0,1.0,0.7936369015978988,18-30,Low
Group_3,1.0,0.0,0.7917196472593605,46-60,High
Group_4,1.0,0.0,0.4847030206854882,46-60,Lower_Middle
Group_2,1.0,0.0,0.5278877939478573,18-30,Low
Group_3,0.0,1.0,0.37678010776484455,61+,Low
Group_1,1.0,1.0,0.860685033095386,18-30,Lower_Middle
Group_1,1.0,1.0,0.95,46-60,High
Group_1,1.0,0.0,0.7790251847645638,61+,Lower_Middle
Group_3,1.0,1.0,0.8752515709140963,31-45,Upper_Middle
Group_4,0.0,0.0,0.4268496274474421,31-45,Low
Group_3,1.0,1.0,0.6294454261574303,46-60,Lower_Middle
Group_2,1.0,1.0,0.739766094405266,31-45,Lower_Middle
Group_4,1.0,0.0,0.6997897246352358,31-45,Upper_Middle
Group_1,1.0,1.0,0.8891493341387898,61+,Upper_Middle
Group_1,1.0,1.0,0.95,18-30,Upper_Middle
Group_3,1.0,1.0,0.7962140952361055,46-60,High
Group_4,0.0,0.0,0.4357592184171206,46-60,Lower_Middle
Group_1,1.0,1.0,0.95,18-30,Upper_Middle
Group_4,1.0,0.0,0.4371003334935658,61+,High
Group_3,0.0,1.0,0.782505229722361,18-30,High
Group_2,1.0,1.0,0.7480485135272162,31-45,Lower_Middle
Group_1,1.0,1.0,0.7543260333145759,61+,Lower_Middle
Group_2,1.0,1.0,0.7558525833144214,31-45,Lower_Middle
Group_1,1.0,1.0,0.7923354943262668,18-30,Low
Group_4,1.0,0.0,0.37056941368701524,18-30,Low
Group_4,1.0,0.0,0.46274350695791877,18-30,Lower_Middle
Group_4,0.0,1.0,0.44634291029311146,61+,High
Group_1,1.0,1.0,0.95,18-30,High
Group_2,0.0,0.0,0.4443054030973274,61+,Lower_Middle
Group_4,0.0,0.0,0.45273967214270966,61+,High
Group_2,0.0,0.0,0.657479848267271,18-30,Lower_Middle
Group_3,1.0,1.0,0.6245992480518443,18-30,Lower_Middle
Group_4,0.0,0.0,0.4304068899589827,18-30,Lower_Middle
Group_2,1.0,0.0,0.3929042653046266,61+,Low
Group_3,1.0,1.0,0.7733627392856285,46-60,High
Group_2,1.0,1.0,0.679944594866069,61+,High
Group_2,0.0,1.0,0.5244691190361572,18-30,Low
Group_2,1.0,1.0,0.5421580604443501,61+,Lower_Middle
Group_4,1.0,0.0,0.5345374162633748,31-45,Lower_Middle
Group_2,0.0,1.0,0.6306315232846451,31-45,Low
Group_3,1.0,0.0,0.7737179545725658,46-60,High
Group_3,1.0,1.0,0.7757700580213944,46-60,High
Group_2,0.0,0.0,0.643989126999883,61+,High
Group_2,1.0,1.0,0.5558148227058464,46-60,Low
Group_4,0.0,0.0,0.40127622657520035,61+,Upper_Middle
Group_2,1.0,0.0,0.4890486939681098,18-30,Low
Group_2,0.0,1.0,0.6736325816628945,18-30,Lower_Middle
Group_4,0.0,1.0,0.6443346929079742,31-45,Upper_Middle
Group_3,0.0,0.0,0.5417876962751127,46-60,Low
Group_2,1.0,1.0,0.7589947579721055,46-60,Upper_Middle
Group_1,1.0,1.0,0.95,18-30,High
Group_1,1.0,1.0,0.95,46-60,High
Group_3,0.0,1.0,0.8034090852225257,46-60,Upper_Middle
Group_2,1.0,1.0,0.6217480057476149,18-30,Lower_Middle
Group_1,0.0,1.0,0.7002680061947374,61+,Lower_Middle
Group_4,1.0,1.0,0.708368687146038,31-45,Upper_Middle
Group_1,1.0,1.0,0.9239037514190299,31-45,Lower_Middle
Group_4,1.0,1.0,0.40472745466209853,18-30,Low
Group_1,1.0,0.0,0.95,46-60,Upper_Middle
Group_2,0.0,1.0,0.6701342877133831,61+,Upper_Middle
Group_1,1.0,1.0,0.8766070463689437,61+,Upper_Middle
Group_3,1.0,0.0,0.6984995822935378,61+,High
Group_4,0.0,0.0,0.2837462154910444,61+,Lower_Middle
Group_1,1.0,1.0,0.95,46-60,High
Group_4,1.0,1.0,0.5950445207131669,46-60,High
Group_1,0.0,1.0,0.9353245582279921,31-45,Low
Group_2,0.0,1.0,0.6679926066054673,31-45,Low
Group_2,1.0,1.0,0.6201313565053304,31-45,Low
Group_2,0.0,1.0,0.6786465250574023,61+,High
Group_1,1.0,1.0,0.95,46-60,High
Group_2,0.0,1.0,0.6317148150951315,46-60,Lower_Middle
Group_4,1.0,1.0,0.7067730859510322,31-45,High
Group_2,0.0,1.0,0.5561324307944563,18-30,Low
Group_3,1.0,1.0,0.8545257198892824,31-45,High
Group_4,0.0,0.0,0.28797002629785984,61+,Lower_Middle
Group_4,0.0,0.0,0.387922807757286,18-30,Low
Group_2,1.0,0.0,0.6448815136928734,46-60,Lower_Middle
Group_1,1.0,1.0,0.907943142530432,31-45,Low
Group_1,1.0,1.0,0.95,18-30,Upper_Middle
Group_1,1.0,1.0,0.6084769103557062,61+,Low
Group_1,1.0,1.0,0.8576283264379027,61+,High
Group_3,0.0,1.0,0.9032799263354787,31-45,Upper_Middle
Group_3,0.0,1.0,0.5424360766647913,46-60,Low
Group_4,0.0,0.0,0.65907782590846,31-45,High
Group_3,1.0,1.0,0.8021092870383776,18-30,Upper_Middle
Group_1,1.0,1.0,0.95,31-45,Lower_Middle
Group_1,1.0,1.0,0.6879441794225627,61+,Low
Group_4,0.0,0.0,0.40466885751868586,31-45,Low
Group_3,1.0,1.0,0.6550833035880353,61+,Upper_Middle
Group_2,0.0,1.0,0.8803027135209412,31-45,High
Group_2,0.0,0.0,0.6542170275285726,18-30,Lower_Middle
Group_3,1.0,0.0,0.6009506711016885,18-30,Lower_Middle
Group_2,1.0,0.0,0.7880403750524201,18-30,Upper_Middle
Group_2,0.0,1.0,0.8187768003498122,46-60,High
Group_1,1.0,1.0,0.95,18-30,Upper_Middle
Group_4,0.0,0.0,0.2806611942218151,61+,Lower_Middle
Group_3,1.0,1.0,0.6248772886893519,46-60,Lower_Middle
Group_2,1.0,1.0,0.4155053330373616,61+,Low
Group_1,1.0,1.0,0.8689740349754125,46-60,Lower_Middle
Group_3,0.0,0.0,0.39040746404613663,61+,Low
Group_3,1.0,0.0,0.5122436688260263,61+,Lower_Middle
Group_4,0.0,0.0,0.7305003537389181,31-45,Upper_Middle
Group_1,1.0,0.0,0.95,46-60,Upper_Middle
Group_3,0.0,0.0,0.6261010272982519,18-30,Lower_Middle
Group_4,1.0,0.0,0.6984451642267692,31-45,High
Group_1,1.0,1.0,0.7582482946551651,46-60,Low
Group_4,1.0,1.0,0.7329531453910705,31-45,Upper_Middle
Group_2,1.0,0.0,0.37944432187434335,61+,Low
Group_1,1.0,1.0,0.95,18-30,Upper_Middle
Group_1,1.0,1.0,0.9300643301912348,31-45,Low
Group_4,0.0,1.0,0.3571116666469702,18-30,Low
Group_2,1.0,0.0,0.3991957814494973,61+,Low
Group_1,1.0,1.0,0.7909606768533585,18-30,Low
Group_2,1.0,1.0,0.6684403045984942,61+,High
Group_1,1.0,1.0,0.9167292107352956,61+,Upper_Middle
Group_4,1.0,1.0,0.5961031984738715,18-30,High
Group_3,0.0,1.0,0.6490784880063096,46-60,Lower_Middle
Group_1,1.0,1.0,0.95,46-60,High
Group_3,1.0,1.0,0.7623259017564804,46-60,High
Group_4,1.0,1.0,0.7139910088763753,31-45,Upper_Middle
Group_3,1.0,0.0,0.8142047298514743,31-45,High
Group_2,1.0,1.0,0.5087450015632882,18-30,Low
Group_1,1.0,1.0,0.7137661876062658,61+,Lower_Middle
Group_3,1.0,1.0,0.9119903984478157,31-45,Upper_Middle
Group_2,1.0,0.0,0.4561637821416673,61+,Lower_Middle
Group_4,1.0,1.0,0.6593328891883111,31-45,High
Group_2,0.0,1.0,0.7805031132664608,18-30,High
Group_3,0.0,0.0,0.4947138496528608,18-30,Low
Group_2,1.0,1.0,0.6000732284754894,18-30,Low
Group_2,0.0,0.0,0.6320638493645894,31-45,Low
Group_4,0.0,1.0,0.64910838716627,46-60,High
Group_4,0.0,0.0,0.2660109535129061,61+,Lower_Middle
Group_1,1.0,1.0,0.8877649270594202,18-30,Lower_Middle
Group_4,0.0,0.0,0.5829440935955509,46-60,High
Group_4,0.0,0.0,0.5426542001941469,46-60,High
Group_4,0.0,0.0,0.6424172947387663,18-30,High
Group_3,1.0,1.0,0.7934254671250404,46-60,High
Group_3,1.0,1.0,0.4706156197971747,61+,Lower_Middle
Group_1,1.0,1.0,0.95,31-45,Lower_Middle
Group_3,0.0,1.0,0.42961491618440456,61+,Lower_Middle
Group_2,1.0,1.0,0.5680579264485387,18-30,Low
Group_2,1.0,0.0,0.6149636177851485,61+,Upper_Middle
Group_3,1.0,1.0,0.7875976783907506,46-60,Upper_Middle
Group_1,1.0,1.0,0.95,18-30,High
Group_2,1.0,1.0,0.9112710695068417,31-45,High
Group_1,1.0,1.0,0.95,46-60,Upper_Middle
Group_2,1.0,1.0,0.7146863100112115,61+,Upper_Middle
Group_2,1.0,1.0,0.4639433533278917,46-60,Low
Group_2,1.0,1.0,0.42793141412333674,61+,Low
Group_4,1.0,1.0,0.600678343320302,18-30,Upper_Middle
Group_4,0.0,1.0,0.5902774962639615,18-30,High
Group_3,1.0,0.0,0.437818775885935,61+,Low
Group_4,0.0,0.0,0.42691801542210706,31-45,Low
Group_2,1.0,0.0,0.5354430201955102,18-30,Low
Group_4,0.0,0.0,0.17941371040101733,61+,Low
Group_1,0.0,0.0,0.8914254051945607,46-60,Lower_Middle
Group_4,0.0,1.0,0.19316892212914485,61+,Low
Group_3,0.0,1.0,0.6832316519091247,31-45,Lower_Middle
Group_1,1.0,1.0,0.7701570493910318,46-60,Low
Group_3,1.0,0.0,0.6164969104267389,61+,Upper_Middle
Group_2,1.0,0.0,0.4788715549440024,61+,Lower_Middle
Group_4,1.0,0.0,0.6128009016736055,18-30,High
Group_3,1.0,1.0,0.6595674734688686,46-60,Lower_Middle
Group_2,1.0,1.0,0.7933205386540035,18-30,Upper_Middle
Group_3,1.0,0.0,0.7576891346848447,18-30,High
Group_1,1.0,1.0,0.95,46-60,Upper_Middle
Group_3,1.0,0.0,0.9379225194800731,31-45,Upper_Middle
Group_2,0.0,1.0,0.5258094111168801,18-30,Low
Group_2,1.0,1.0,0.8419103076570362,46-60,Upper_Middle
Group_4,0.0,0.0,0.1776372365257745,61+,Low
Group_4,1.0,0.0,0.3027108002480168,46-60,Low
Group_3,1.0,1.0,0.7914336355172696,46-60,High
Group_2,1.0,1.0,0.6496921840139022,61+,High
Group_1,1.0,1.0,0.6763598785633892,61+,Low
Group_3,1.0,1.0,0.6175051382354051,31-45,Low
Group_2,1.0,0.0,0.5752370843488968,46-60,Low
Group_1,1.0,1.0,0.95,18-30,Upper_Middle
Group_3,1.0,1.0,0.5135042751317321,61+,Lower_Middle
Group_2,0.0,0.0,0.450106099174281,61+,Lower_Middle
Group_1,1.0,1.0,0.95,31-45,High
Group_4,1.0,1.0,0.3669811875909056,46-60,Low
Group_1,1.0,0.0,0.7447511733220887,46-60,Low
Group_2,0.0,1.0,0.5265488517445357,46-60,Low
Group_4,0.0,0.0,0.5124494669014239,18-30,Upper_Middle
Group_2,0.0,0.0,0.41563109318891106,61+,Low
Group_3,0.0,1.0,0.8062437625825828,46-60,Upper_Middle
Group_4,1.0,1.0,0.5668958224571291,46-60,High
Group_1,0.0,1.0,0.9269554316881118,18-30,Lower_Middle
Group_3,1.0,1.0,0.8038752314136055,46-60,Upper_Middle
Group_4,1.0,0.0,0.5945442863633891,18-30,High
Group_1,1.0,1.0,0.95,46-60,High
Group_1,1.0,0.0,0.95,31-45,Upper_Middle
Group_3,1.0,1.0,0.8346407908991708,46-60,High
Group_4,0.0,0.0,0.2592359069423479,61+,Lower_Middle
Group_4,1.0,0.0,0.6295629384945484,46-60,Upper_Middle
Group_3,0.0,0.0,0.6395155758361328,61+,Upper_Middle
Group_1,0.0,1.0,0.8820842265314834,18-30,Lower_Middle
Group_4,0.0,0.0,0.14427222966834924,61+,Low
Group_3,0.0,1.0,0.5558939273083481,46-60,Low
Group_4,0.0,0.0,0.31873870289836137,46-60,Low
Group_3,1.0,0.0,0.6996026273050598,31-45,Lower_Middle
Group_2,1.0,1.0,0.9014112750143997,31-45,Upper_Middle
Group_4,1.0,1.0,0.705601297165986,31-45,Upper_Middle
Group_1,1.0,1.0,0.95,31-45,Upper_Middle
Group_2,1.0,1.0,0.7732210405189471,18-30,Upper_Middle
Group_4,0.0,0.0,0.26056978560352795,61+,Lower_Middle
Group_2,0.0,0.0,0.633260361994231,46-60,Lower_Middle
Group_4,1.0,0.0,0.622615063158168,46-60,High
Group_2,0.0,1.0,0.5204838591975854,18-30,Low
Group_3,0.0,1.0,0.6298185278449429,31-45,Low
Group_2,1.0,0.0,0.6193137142964378,18-30,Low
Group_4,1.0,1.0,0.3112659206327981,61+,Lower_Middle
Group_3,1.0,1.0,0.7982515446797527,46-60,Upper_Middle
Group_1,1.0,1.0,0.95,18-30,High
Group_2,1.0,1.0,0.6298847577540212,61+,Upper_Middle
Group_2,0.0,0.0,0.5502465083972005,46-60,Low
Group_3,1.0,0.0,0.7501061115334665,46-60,Upper_Middle
Group_2,1.0,0.0,0.783692325521897,46-60,High
Group_4,0.0,0.0,0.41330022411116274,61+,High
Group_4,1.0,1.0,0.6766458627726587,31-45,High
Group_3,0.0,1.0,0.5013878114001837,61+,Lower_Middle
Group_2,1.0,1.0,0.5914513950666302,61+,High
Group_1,1.0,1.0,0.95,31-45,Upper_Middle
Group_2,1.0,1.0,0.7767083349076797,18-30,Upper_Middle
Group_1,1.0,1.0,0.95,31-45,High
Group_4,1.0,0.0,0.17322947707437378,61+,Low
Group_4,1.0,1.0,0.40657950996569286,18-30,Lower_Middle
Group_2,1.0,1.0,0.49754574786805683,61+,Lower_Middle
Group_2,1.0,1.0,0.7130827938217483,31-45,Lower_Middle
Group_1,1.0,1.0,0.95,31-45,High
Group_4,1.0,1.0,0.6140098418016963,18-30,High
Group_1,1.0,1.0,0.7608651190761164,46-60,Low
Group_4,0.0,1.0,0.3282697310846831,61+,Lower_Middle
Group_2,1.0,1.0,0.73239990744368,18-30,High
Group_3,0.0,1.0,0.64416487633672,61+,Upper_Middle
Group_4,0.0,0.0,0.3366524335819907,18-30,Low
Group_1,1.0,1.0,0.95,18-30,Upper_Middle
Group_4,1.0,1.0,0.6774362518613691,31-45,High
Group_4,0.0,1.0,0.4339629410347927,61+,High
Group_1,1.0,0.0,0.95,46-60,Upper_Middle
Group_4,1.0,1.0,0.5381344668455833,46-60,High
Group_1,1.0,1.0,0.95,31-45,Upper_Middle
Group_3,1.0,1.0,0.618602590752435,46-60,Lower_Middle
Group_3,1.0,0.0,0.6595257343401395,61+,High
Group_4,0.0,0.0,0.3186423029512952,18-30,Low
Group_1,0.0,0.0,0.7337370146141627,61+,Lower_Middle
Group_2,0.0,1.0,0.8860966623767838,31-45,Upper_Middle
Group_1,1.0,1.0,0.95,18-30,High
Group_2,1.0,0.0,0.6739464230861423,18-30,Lower_Middle
Group_3,1.0,0.0,0.6454438153397427,31-45,Low
Group_4,1.0,0.0,0.46312350958266846,46-60,Lower_Middle
Group_3,1.0,1.0,0.6624327184386346,61+,Upper_Middle
Group_2,0.0,1.0,0.7759914450629575,18-30,High
Group_2,0.0,1.0,0.5038758902067002,18-30,Low
Group_3,1.0,0.0,0.6091672930004836,46-60,Lower_Middle
Group_3,1.0,0.0,0.6748069806591924,61+,High
Group_2,0.0,0.0,0.3122258205856788,61+,Low
Group_4,0.0,0.0,0.21892503907429597,61+,Low
Group_1,1.0,1.0,0.95,31-45,High
Group_2,1.0,0.0,0.7373016329249108,31-45,Lower_Middle
Group_3,1.0,0.0,0.543138459633181,46-60,Low
Group_4,0.0,1.0,0.631320349839505,18-30,Upper_Middle
Group_4,0.0,1.0,0.4399365281734288,18-30,Lower_Middle
Group_4,0.0,1.0,0.5855237697309418,46-60,Upper_Middle
Group_3,1.0,1.0,0.8885536911278371,31-45,High
Group_2,1.0,1.0,0.786412789370815,46-60,High
Group_3,1.0,1.0,0.7926482094693136,18-30,Upper_Middle
Group_1,1.0,1.0,0.95,31-45,Upper_Middle
Group_4,1.0,1.0,0.5868351902238972,18-30,Upper_Middle
Group_1,1.0,1.0,0.95,31-45,High
Group_3,1.0,0.0,0.4473667538008631,61+,Low
Group_1,1.0,1.0,0.95,18-30,Upper_Middle
Group_3,1.0,1.0,0.8774739350838523,31-45,High
Group_1,1.0,1.0,0.95,18-30,High
Group_3,1.0,1.0,0.6635161736621656,46-60,Lower_Middle
Group_4,0.0,1.0,0.5435781125376715,46-60,Upper_Middle
Group_3,1.0,1.0,0.8667250948497881,31-45,Upper_Middle
Group_1,0.0,1.0,0.95,18-30,High
Group_1,1.0,1.0,0.9029603753491975,61+,High
Group_1,1.0,0.0,0.6719368510164154,61+,Low
Group_4,1.0,0.0,0.5550837860059538,46-60,Upper_Middle
Group_1,1.0,1.0,0.95,31-45,Lower_Middle
Group_4,1.0,1.0,0.317371497291813,61+,Lower_Middle
Group_3,1.0,1.0,0.6897621965314504,46-60,Lower_Middle
Group_3,1.0,0.0,0.6392790746301118,18-30,Lower_Middle
Group_2,1.0,1.0,0.6994782561742809,31-45,Lower_Middle
Group_1,0.0,1.0,0.95,46-60,Upper_Middle
Group_1,1.0,0.0,0.7766152068632217,61+,Lower_Middle
Group_2,1.0,1.0,0.8709603539784092,31-45,Upper_Middle
Group_2,0.0,1.0,0.6581556029408746,31-45,Low
Group_2,1.0,1.0,0.7418236217934057,18-30,Upper_Middle
Group_1,1.0,1.0,0.95,46-60,Upper_Middle
Group_4,0.0,0.0,0.3970540325085722,46-60,Low
Group_4,0.0,0.0,0.41771734530657467,46-60,Lower_Middle
Group_2,1.0,1.0,0.7015839181325602,61+,Upper_Middle
Group_3,1.0,0.0,0.6286498805926042,61+,High
Group_2,0.0,0.0,0.6615428519352129,46-60,Lower_Middle
Group_3,0.0,0.0,0.629210017080942,61+,High
Group_3,0.0,1.0,0.6388378033110895,18-30,Lower_Middle
Group_2,1.0,1.0,0.6323068347732284,61+,High
Group_3,1.0,1.0,0.6295962786833388,61+,Upper_Middle
Group_2,0.0,1.0,0.49070409764288137,61+,Lower_Middle
Group_2,0.0,1.0,0.45795423876736163,61+,Lower_Middle
Group_4,0.0,0.0,0.4400215058473978,46-60,Lower_Middle
Group_4,0.0,1.0,0.3137489127245715,61+,Lower_Middle
Group_4,0.0,0.0,0.5235791571996284,31-45,Lower_Middle
Group_1,1.0,1.0,0.95,46-60,High
Group_4,0.0,0.0,0.4190100999508508,46-60,Lower_Middle
Group_3,1.0,1.0,0.7294071933663694,46-60,Upper_Middle
Group_3,1.0,0.0,0.6405672511739742,31-45,Low
Group_4,0.0,0.0,0.28231587126650165,61+,Lower_Middle
Group_2,0.0,1.0,0.555531629989365,18-30,Low
Group_3,1.0,1.0,0.7212213681667978,46-60,Upper_Middle
Group_2,1.0,1.0,0.37517383091184575,61+,Low
Group_3,0.0,1.0,0.43689031862125605,61+,Low
Group_4,0.0,1.0,0.1971953128310323,61+,Low
Group_2,1.0,1.0,0.9070180846040082,31-45,Upper_Middle
Group_1,1.0,1.0,0.95,31-45,High
Group_1,1.0,1.0,0.95,31-45,Lower_Middle
Group_2,1.0,0.0,0.7259628798052229,31-45,Lower_Middle
Group_3,1.0,0.0,0.7988876471555602,18-30,Upper_Middle
Group_3,0.0,1.0,0.50280646953577,18-30,Low
Group_4,0.0,0.0,0.4028371889217979,61+,High
Group_1,1.0,1.0,0.6670735100515716,61+,Low
Group_2,0.0,1.0,0.6589803706855845,18-30,Lower_Middle
Group_3,0.0,0.0,0.3661122577772554,61+,Low
Group_2,1.0,1.0,0.8176271294249782,18-30,High
Group_4,0.0,1.0,0.4482667664740592,18-30,Lower_Middle
Group_3,0.0,1.0,0.6176781013459726,61+,Upper_Middle
Group_2,1.0,1.0,0.6375498658247198,46-60,Lower_Middle
Group_2,1.0,0.0,0.625161068707289,31-45,Low
Group_4,1.0,1.0,0.7561124621381188,31-45,High
Group_1,1.0,1.0,0.95,46-60,Upper_Middle
Group_2,1.0,1.0,0.8799709762103132,31-45,High
Group_4,1.0,0.0,0.4074131693166614,18-30,Lower_Middle
Group_1,0.0,1.0,0.7806710001630781,18-30,Low
Group_4,1.0,1.0,0.4987151606599901,18-30,Upper_Middle
Group_1,0.0,0.0,0.8184835744388734,18-30,Low
Group_1,1.0,1.0,0.8612532296662013,31-45,Low
Group_2,1.0,1.0,0.8144751119527402,18-30,High
Group_2,1.0,1.0,0.6784223701301524,46-60,Lower_Middle
Group_3,0.0,0.0,0.3538564952541238,61+,Low
Group_3,1.0,0.0,0.5703155452826034,18-30,Low
Group_2,0.0,0.0,0.6733963782721597,61+,Upper_Middle
Group_2,1.0,1.0,0.7320727635031752,46-60,Upper_Middle
Group_4,1.0,0.0,0.5428446565705094,46-60,High
Group_1,1.0,0.0,0.7624655149260073,18-30,Low
Group_4,0.0,0.0,0.4252813177796515,46-60,Lower_Middle
Group_2,1.0,1.0,0.6617485134027467,46-60,Lower_Middle
Group_2,1.0,1.0,0.6203157651449548,46-60,Lower_Middle
Group_1,1.0,1.0,0.8344830800136662,18-30,Low
Group_4,1.0,0.0,0.2865409369675167,18-30,Low
Group_3,0.0,1.0,0.917277180657977,31-45,High
Group_1,1.0,1.0,0.95,18-30,High
Group_4,0.0,0.0,0.44475284494305567,46-60,Lower_Middle
Group_4,0.0,1.0,0.3419420149679864,61+,Lower_Middle
Group_1,1.0,0.0,0.766671838647731,18-30,Low
Group_1,1.0,1.0,0.9100541417700946,61+,High
Group_4,1.0,0.0,0.5479162977232941,18-30,Upper_Middle
Group_4,0.0,0.0,0.1871240988622121,61+,Low
Group_2,0.0,1.0,0.6315318454885754,46-60,Lower_Middle
Group_1,0.0,1.0,0.7315746115321369,61+,Lower_Middle
Group_3,0.0,1.0,0.5384167801281213,18-30,Low
Group_4,0.0,0.0,0.5557142716552849,18-30,High
Group_3,0.0,1.0,0.7574396998811245,18-30,Upper_Middle
Group_4,1.0,0.0,0.45290676580593,18-30,Lower_Middle
Group_3,1.0,1.0,0.7855729781439795,46-60,Upper_Middle
Group_1,0.0,1.0,0.7780060834935957,18-30,Low
Group_1,1.0,0.0,0.8555598842324392,31-45,Low
Group_3,0.0,1.0,0.5308123027367563,18-30,Low
Group_2,1.0,1.0,0.9109085986059094,31-45,High
Group_4,0.0,0.0,0.4514358826034115,61+,High
Group_1,1.0,1.0,0.95,46-60,Upper_Middle
Group_2,0.0,0.0,0.8766461894102318,31-45,Upper_Middle
Group_3,1.0,1.0,0.6222110315829608,31-45,Low
Group_4,1.0,1.0,0.5086294619396815,46-60,High
Group_1,1.0,1.0,0.6369368110394589,61+,Low
Group_1,1.0,1.0,0.95,31-45,Upper_Middle
Group_1,1.0,1.0,0.7525354802140052,61+,Lower_Middle
Group_3,0.0,1.0,0.6011261580977343,18-30,Lower_Middle
Group_3,1.0,1.0,0.43703011681299064,61+,Low
Group_1,1.0,1.0,0.9062593833608353,46-60,Lower_Middle
Group_1,0.0,1.0,0.95,46-60,Upper_Middle
Group_4,0.0,0.0,0.6163975735885556,18-30,Upper_Middle
Group_1,0.0,1.0,0.95,18-30,High
Group_2,1.0,0.0,0.7304903859841803,31-45,Lower_Middle
Group_4,1.0,0.0,0.5999387887572409,18-30,High
Group_1,1.0,1.0,0.7831412578914669,18-30,Low
Group_2,1.0,1.0,0.7969685685772683,46-60,High
Group_3,1.0,1.0,0.8529296407416737,31-45,High
Group_4,0.0,0.0,0.38107907081538045,61+,Upper_Middle
Group_1,0.0,1.0,0.68810741593237,61+,Low
Group_4,0.0,0.0,0.1691920298254016,61+,Low
Group_1,1.0,1.0,0.95,46-60,Upper_Middle
Group_4,0.0,0.0,0.24422731251457688,61+,Lower_Middle
Group_4,0.0,0.0,0.3811111603114885,18-30,Low
Group_1,0.0,1.0,0.881031583693515,46-60,Lower_Middle
Group_1,1.0,1.0,0.95,46-60,High
Group_3,1.0,0.0,0.4792801025898786,61+,Lower_Middle
Group_2,1.0,0.0,0.44449444306694025,61+,Lower_Middle
Group_1,1.0,1.0,0.95,31-45,Upper_Middle
Group_3,0.0,1.0,0.34475456825727957,61+,Low
Group_4,1.0,0.0,0.723951397333296,31-45,Upper_Middle
Group_2,1.0,1.0,0.6933450715070885,61+,High
Group_3,1.0,1.0,0.8268701483946224,31-45,High
Group_4,0.0,1.0,0.4941394684542373,18-30,Lower_Middle
Group_3,0.0,0.0,0.34946411836517477,61+,Low
Group_3,1.0,1.0,0.8212605686742347,46-60,Upper_Middle
Group_3,0.0,0.0,0.8146219091493364,18-30,High
Group_4,1.0,0.0,0.45629958309836394,46-60,Lower_Middle
Group_4,0.0,1.0,0.5173156296179052,18-30,Upper_Middle
Group_2,1.0,1.0,0.95,31-45,High
Group_1,1.0,1.0,0.95,18-30,High
Group_1,1.0,1.0,0.95,31-45,Upper_Middle
Group_1,1.0,1.0,0.95,31-45,Lower_Middle
Group_4,0.0,0.0,0.6834027585510686,31-45,Upper_Middle
Group_1,1.0,1.0,0.95,31-45,High
Group_4,1.0,1.0,0.6365421523479771,46-60,Upper_Middle
Group_1,1.0,1.0,0.9015473525023406,31-45,Low
Group_2,0.0,1.0,0.6675075823995283,61+,Upper_Middle
Group_2,1.0,1.0,0.7933175812183633,18-30,Upper_Middle
Group_2,0.0,1.0,0.45306997333910265,61+,Lower_Middle
Group_2,1.0,1.0,0.665460585955457,31-45,Low
Group_3,1.0,0.0,0.7260314991436967,31-45,Lower_Middle
Group_2,0.0,1.0,0.6660040891783103,61+,Upper_Middle
Group_1,1.0,1.0,0.8517297313342466,18-30,Lower_Middle
Group_2,0.0,1.0,0.7955006953034092,46-60,High
Group_2,1.0,1.0,0.8633129800996249,31-45,High
Group_3,0.0,0.0,0.5573858873869466,46-60,Low
Group_2,0.0,0.0,0.622355241922945,18-30,Lower_Middle
Group_2,0.0,1.0,0.7695449235931567,18-30,Upper_Middle
Group_1,0.0,1.0,0.95,31-45,Upper_Middle
Group_1,1.0,1.0,0.7432671455493758,18-30,Low
Group_4,0.0,0.0,0.458358127151402,61+,High
Group_2,1.0,0.0,0.49555743854474227,61+,Lower_Middle
Group_2,1.0,1.0,0.8215772469672039,18-30,High
Group_4,1.0,0.0,0.3213766216606617,46-60,Low
Group_4,1.0,0.0,0.3304999110312762,46-60,Low
Group_2,1.0,0.0,0.5033867583084617,61+,Lower_Middle
Group_1,1.0,1.0,0.6497944432324608,61+,Low
Group_3,1.0,0.0,0.6210025859042473,61+,Upper_Middle
Group_1,1.0,1.0,0.95,31-45,Upper_Middle
Group_2,0.0,0.0,0.4878362637462368,61+,Lower_Middle
Group_1,1.0,1.0,0.95,46-60,Upper_Middle
Group_3,1.0,1.0,0.9130693454030091,31-45,Upper_Middle
Group_1,1.0,1.0,0.95,31-45,High
Group_3,0.0,0.0,0.3214885708737352,61+,Low
Group_2,1.0,1.0,0.921477795627009,31-45,Upper_Middle
Group_1,0.0,0.0,0.8712511456365883,46-60,Lower_Middle
Group_2,1.0,1.0,0.6047311864437959,18-30,Lower_Middle
Group_3,1.0,1.0,0.531800378818124,18-30,Low
Group_4,1.0,1.0,0.6102511690502669,18-30,High
Group_2,0.0,0.0,0.535152318288289,46-60,Low
Group_1,0.0,1.0,0.744436734284112,61+,Lower_Middle
Group_1,1.0,1.0,0.8470072231255685,18-30,Lower_Middle
Group_1,1.0,0.0,0.95,18-30,Upper_Middle
Group_2,1.0,1.0,0.6431427982821348,61+,Upper_Middle
Group_1,0.0,1.0,0.793152689831774,46-60,Low
Group_3,1.0,1.0,0.5069876534487433,61+,Lower_Middle
Group_1,1.0,1.0,0.95,31-45,High
Group_1,1.0,1.0,0.6657236326497237,61+,Low
Group_3,0.0,0.0,0.6464280608437656,61+,Upper_Middle
Group_2,1.0,0.0,0.6196900687266478,31-45,Low
Group_4,1.0,0.0,0.34490960578930335,18-30,Low
Group_1,1.0,1.0,0.7395980712595832,61+,Lower_Middle
Group_3,1.0,1.0,0.8605812985396646,18-30,Upper_Middle
Group_3,1.0,1.0,0.8510606918131838,46-60,Upper_Middle
Group_1,1.0,1.0,0.8612621340188698,18-30,Lower_Middle
Group_1,1.0,1.0,0.95,18-30,High
Group_3,1.0,1.0,0.6686758084264197,31-45,Low
Group_1,1.0,0.0,0.7704326004852141,46-60,Low
Group_2,1.0,1.0,0.8387156261851854,46-60,Upper_Middle
Group_1,1.0,0.0,0.8765158576997512,46-60,Lower_Middle
Group_1,1.0,0.0,0.95,46-60,High
Group_4,0.0,0.0,0.2939696365233345,18-30,Low
Group_2,1.0,1.0,0.6120053736639546,61+,Upper_Middle
Group_3,1.0,1.0,0.95,31-45,Upper_Middle
Group_4,1.0,1.0,0.45180767074150335,18-30,Lower_Middle
Group_4,0.0,0.0,0.49905187360530057,18-30,Lower_Middle
Group_4,1.0,1.0,0.5647919219462194,18-30,Upper_Middle
Group_2,1.0,0.0,0.6235263635699289,61+,High
Group_3,1.0,0.0,0.5913170386705066,61+,High
Group_3,1.0,0.0,0.7942134426641565,46-60,Upper_Middle
Group_4,1.0,0.0,0.5457716578082646,18-30,High
Group_2,1.0,1.0,0.740130145887683,31-45,Lower_Middle
Group_2,1.0,1.0,0.7368579083952914,31-45,Lower_Middle
Group_3,1.0,1.0,0.8137276581265361,18-30,Upper_Middle
Group_3,1.0,1.0,0.6589337517912615,61+,High
Group_2,1.0,0.0,0.4047227919613777,61+,Low
Group_4,1.0,0.0,0.5694643798129302,46-60,High
Group_1,1.0,1.0,0.95,31-45,Upper_Middle
Group_2,1.0,0.0,0.515437444661993,18-30,Low
Group_4,1.0,1.0,0.5956788446049763,46-60,High
Group_3,0.0,1.0,0.6570035273546603,18-30,Lower_Middle
Group_3,1.0,0.0,0.3991408114043407,61+,Low
Group_2,0.0,1.0,0.909162120278517,31-45,High
Group_1,1.0,1.0,0.95,31-45,High
Group_3,1.0,1.0,0.5393763521151812,18-30,Low
Group_3,1.0,1.0,0.8022757408575558,18-30,Upper_Middle
Group_4,1.0,0.0,0.6924431469999539,31-45,Upper_Middle
Group_3,1.0,1.0,0.6050906637926482,18-30,Lower_Middle
Group_3,1.0,1.0,0.42785003301036156,61+,Low
Group_1,1.0,1.0,0.769296740297779,18-30,Low
Group_1,1.0,0.0,0.8984796190251905,61+,Upper_Middle
Group_2,1.0,1.0,0.8202971825679076,46-60,Upper_Middle
Group_4,0.0,0.0,0.35026815151546814,18-30,Low
Group_2,0.0,0.0,0.3966894694829585,61+,Low
Group_4,0.0,1.0,0.4081329110103469,61+,High
Group_2,0.0,0.0,0.5088662910345045,61+,Lower_Middle
Group_2,1.0,1.0,0.792321047438496,18-30,Upper_Middle
Group_4,1.0,1.0,0.5688239998939845,31-45,Lower_Middle
Group_4,0.0,0.0,0.5884567579382419,18-30,High
Group_1,1.0,1.0,0.95,46-60,High
Group_2,0.0,1.0,0.5060581422435234,46-60,Low
Group_4,0.0,0.0,0.19522334004033443,61+,Low
Group_2,1.0,0.0,0.5764415390485274,18-30,Low
Group_4,0.0,1.0,0.5265642325905996,46-60,Upper_Middle
Group_1,1.0,0.0,0.6318314117846856,61+,Low
Group_4,1.0,0.0,0.5646451129230591,31-45,Lower_Middle
Group_2,0.0,1.0,0.6365213534255552,61+,Upper_Middle
Group_2,1.0,1.0,0.8369089435873129,18-30,High
Group_3,1.0,1.0,0.8391710817162599,46-60,Upper_Middle
Group_1,1.0,1.0,0.8566446337041241,61+,High
Group_3,1.0,1.0,0.7533408955363964,18-30,Upper_Middle
Group_2,1.0,1.0,0.7158399489957195,31-45,Lower_Middle
Group_4,0.0,1.0,0.3466889818218442,18-30,Low
Group_4,0.0,1.0,0.6071903198678194,18-30,High
Group_2,0.0,1.0,0.7929155776276258,46-60,Upper_Middle
Group_1,1.0,1.0,0.95,31-45,Upper_Middle
Group_3,1.0,1.0,0.6626034354692557,61+,Upper_Middle
Group_3,0.0,0.0,0.7577958071156043,46-60,Upper_Middle
Group_1,0.0,1.0,0.95,31-45,Lower_Middle
Group_3,1.0,1.0,0.4654517978642978,61+,Lower_Middle
Group_2,1.0,1.0,0.61250310333141,61+,High
Group_1,1.0,1.0,0.95,31-45,Low
Group_1,1.0,1.0,0.800047440919385,18-30,Low
Group_4,1.0,0.0,0.6067428797548038,18-30,High
Group_1,1.0,0.0,0.95,46-60,Upper_Middle
Group_3,1.0,1.0,0.794426036419108,46-60,Upper_Middle
Group_4,1.0,0.0,0.3592020747044276,46-60,Low
Group_4,0.0,1.0,0.41412967571171866,18-30,Lower_Middle
Group_1,1.0,1.0,0.9098646546824952,61+,Upper_Middle
Group_4,0.0,0.0,0.29585752995616904,46-60,Low
Group_4,0.0,0.0,0.2784648161536157,61+,Lower_Middle
Group_3,1.0,1.0,0.7297617626061631,31-45,Lower_Middle
Group_1,1.0,0.0,0.95,31-45,High
Group_2,1.0,1.0,0.7891378054342719,18-30,High
Group_4,0.0,0.0,0.41622264037118517,46-60,Lower_Middle
Group_4,1.0,0.0,0.40331690276760146,46-60,Lower_Middle
Group_3,1.0,1.0,0.7079581286965267,31-45,Lower_Middle
Group_2,1.0,1.0,0.8905894066700794,31-45,High
Group_4,1.0,0.0,0.4475217778593528,61+,Upper_Middle
Group_3,0.0,1.0,0.5801919600262245,18-30,Low
Group_2,0.0,0.0,0.752738529180617,18-30,High
Group_3,1.0,1.0,0.8480795843151124,31-45,High
Group_3,1.0,0.0,0.7946481024725399,18-30,High
Group_3,1.0,0.0,0.4625385876706582,61+,Lower_Middle
Group_4,0.0,0.0,0.16027082487810274,61+,Low
Group_2,1.0,0.0,0.6215191373009726,46-60,Lower_Middle
Group_1,0.0,1.0,0.8716137161910785,31-45,Low
Group_4,1.0,0.0,0.28725143315881513,61+,Lower_Middle
Group_1,1.0,1.0,0.8361322080788193,46-60,Low
Group_3,1.0,1.0,0.6530162996987553,61+,High
Group_1,1.0,1.0,0.95,18-30,Upper_Middle
Group_4,1.0,0.0,0.6326467699139247,46-60,High
Group_2,1.0,1.0,0.9022341714893961,31-45,Upper_Middle
Group_2,1.0,1.0,0.7606827589264054,46-60,Upper_Middle
Group_4,0.0,0.0,0.21814754177353052,61+,Low
Group_2,1.0,0.0,0.4151769611193503,61+,Low
Group_3,1.0,0.0,0.4852410680408797,18-30,Low
Group_2,1.0,0.0,0.3694263519291016,61+,Low
Group_2,0.0,1.0,0.8619530881126025,31-45,Upper_Middle
Group_2,1.0,1.0,0.4912706078967954,61+,Lower_Middle
Group_1,1.0,1.0,0.95,31-45,Lower_Middle
Group_1,1.0,1.0,0.95,46-60,High
Group_2,1.0,1.0,0.9174471080593587,31-45,High
Group_1,1.0,1.0,0.7476694858946702,18-30,Low
Group_3,1.0,1.0,0.7936770204646603,46-60,Upper_Middle
Group_1,1.0,1.0,0.95,46-60,High
Group_2,0.0,0.0,0.37195531525859377,61+,Low
Group_3,0.0,0.0,0.7594285983518968,31-45,Lower_Middle
Group_1,1.0,1.0,0.8889993913066695,18-30,Lower_Middle
Group_3,0.0,0.0,0.4133851698684075,61+,Low
Group_2,1.0,1.0,0.6501880787207358,61+,High
Group_2,1.0,1.0,0.8063573146247316,18-30,High
Group_3,0.0,0.0,0.8049767532409315,18-30,Upper_Middle
Group_2,0.0,1.0,0.6464586676257663,46-60,Lower_Middle
Group_1,0.0,1.0,0.832551590794266,61+,High
Group_1,1.0,1.0,0.8070435032021548,18-30,Low
Group_1,1.0,1.0,0.95,31-45,High
Group_3,0.0,1.0,0.6611674139521497,46-60,Lower_Middle
Group_3,1.0,0.0,0.6646049898917902,46-60,Lower_Middle
Group_2,0.0,1.0,0.5122101109439829,18-30,Low
Group_2,1.0,0.0,0.6623493129235366,46-60,Lower_Middle
Group_3,1.0,0.0,0.7662509728006259,18-30,High
Group_3,1.0,0.0,0.40006800993431224,61+,Low
Group_2,1.0,1.0,0.5600100366103633,46-60,Low
Group_2,1.0,0.0,0.7605722428706226,46-60,High
Group_3,1.0,1.0,0.8711808763260472,46-60,High
Group_3,1.0,1.0,0.6610497658767831,61+,Upper_Middle
Group_4,1.0,0.0,0.6394528934916037,31-45,High
Group_1,0.0,1.0,0.6345446394831062,61+,Low
Group_3,0.0,0.0,0.629882841744378,61+,High
Group_4,1.0,0.0,0.25401484809617547,61+,Lower_Middle
Group_3,0.0,0.0,0.5605801474699792,18-30,Low
Group_4,0.0,1.0,0.6531313935898577,31-45,High
Group_2,1.0,1.0,0.8151316280036832,46-60,Upper_Middle
Group_3,1.0,0.0,0.5749857824869989,61+,Upper_Middle
Group_2,0.0,0.0,0.5445682350573067,18-30,Low
Group_4,0.0,0.0,0.35297992859602284,61+,Lower_Middle
Group_2,1.0,1.0,0.5228623526386262,18-30,Low
Group_1,1.0,1.0,0.95,31-45,High
Group_2,1.0,0.0,0.39233880483800354,61+,Low
Group_2,0.0,0.0,0.4631272072535173,61+,Lower_Middle
Group_4,1.0,0.0,0.5751664399934836,46-60,Upper_Middle
Group_1,1.0,1.0,0.95,31-45,High
Group_2,0.0,1.0,0.6807878770013499,18-30,Lower_Middle
Group_2,1.0,1.0,0.6308091295842561,61+,Upper_Middle
Group_2,1.0,1.0,0.6097481644202634,31-45,Low
Group_4,1.0,0.0,0.29724631542673424,18-30,Low
Group_2,0.0,1.0,0.6589825589805413,61+,Upper_Middle
Group_3,0.0,1.0,0.6302367549739751,61+,High
Group_2,0.0,1.0,0.6679191715513654,18-30,Lower_Middle
Group_3,1.0,1.0,0.6871346580775619,61+,Upper_Middle
Group_2,1.0,1.0,0.7954799799852217,18-30,High
Group_4,0.0,0.0,0.41335679305090817,46-60,Lower_Middle
Group_4,1.0,0.0,0.6160362958388286,18-30,High
Group_4,1.0,1.0,0.4197591787589942,61+,High
Group_1,1.0,0.0,0.6621843540860289,61+,Low
Group_1,1.0,1.0,0.95,46-60,High
Group_2,0.0,1.0,0.678062801171522,61+,Upper_Middle
Group_4,0.0,0.0,0.6060825524831372,18-30,Upper_Middle
Group_1,1.0,1.0,0.95,18-30,Upper_Middle
Group_4,0.0,0.0,0.6017439439459994,18-30,High
Group_4,1.0,0.0,0.712380040166027,31-45,Upper_Middle
Group_2,1.0,0.0,0.6301398548952821,61+,Upper_Middle
Group_3,1.0,1.0,0.5857639362709642,31-45,Low
Group_4,1.0,0.0,0.5973249762900502,46-60,High
Group_1,1.0,1.0,0.95,31-45,Lower_Middle
Group_4,0.0,1.0,0.5539209022857149,46-60,Upper_Middle
Group_2,0.0,1.0,0.5529139131171867,46-60,Low
Group_1,1.0,1.0,0.8820001036666145,18-30,Lower_Middle
Group_1,1.0,1.0,0.95,31-45,Upper_Middle
Group_3,1.0,1.0,0.6606022290506383,61+,High
Group_3,0.0,0.0,0.4613358711396681,18-30,Low
Group_3,1.0,1.0,0.6766640777220201,31-45,Low
Group_2,0.0,1.0,0.5747117843579129,18-30,Low
Group_4,1.0,0.0,0.582121035340055,46-60,Upper_Middle
Group_4,0.0,0.0,0.45489954758844175,31-45,Low
Group_4,1.0,1.0,0.44032508804452597,61+,Upper_Middle
Group_3,1.0,0.0,0.6722170871913696,61+,High
Group_3,1.0,1.0,0.8055264005677206,46-60,Upper_Middle
Group_3,0.0,1.0,0.37581735069121947,61+,Low
Group_4,0.0,1.0,0.3066592701909764,61+,Lower_Middle
Group_2,1.0,1.0,0.8121398103199742,18-30,Upper_Middle
Group_4,0.0,0.0,0.15795306230967715,61+,Low
Group_3,1.0,1.0,0.7677252104994313,31-45,Lower_Middle
Group_3,1.0,0.0,0.5012985918544878,46-60,Low
Group_4,0.0,0.0,0.442925858661348,61+,Upper_Middle
Group_2,0.0,0.0,0.6399392905926594,61+,High
Group_4,1.0,0.0,0.6363872778232422,18-30,High
Group_4,0.0,0.0,0.32693191089979823,18-30,Low
Group_2,1.0,0.0,0.6508882728102119,61+,High
Group_1,1.0,1.0,0.95,46-60,High
Group_1,1.0,1.0,0.7412574230944069,61+,Lower_Middle
Group_3,1.0,1.0,0.6040696683687795,46-60,Lower_Middle
Group_4,0.0,1.0,0.5660624274168173,46-60,High
Group_2,1.0,1.0,0.766986760197264,18-30,High
Group_1,1.0,1.0,0.95,18-30,Upper_Middle
Group_4,0.0,0.0,0.612890879388927,18-30,Upper_Middle
Group_4,0.0,1.0,0.6183100532949214,18-30,Upper_Middle
Group_3,1.0,1.0,0.7604803927484209,18-30,High
Group_4,1.0,1.0,0.4385638639222676,61+,Upper_Middle
Group_3,1.0,0.0,0.585899674812277,18-30,Low
Group_4,0.0,1.0,0.6919971822186979,31-45,Upper_Middle
Group_3,1.0,0.0,0.8177727324051299,18-30,High
Group_1,1.0,0.0,0.911291757957837,31-45,Low
Group_3,0.0,1.0,0.619895910879047,18-30,Lower_Middle
Group_2,1.0,0.0,0.6483621653516298,31-45,Low
Group_2,1.0,1.0,0.7351839872799608,31-45,Lower_Middle
Group_3,0.0,0.0,0.446662085445719,61+,Lower_Middle
Group_2,0.0,1.0,0.8923474851268969,31-45,Upper_Middle
Group_3,1.0,0.0,0.6547789608952795,31-45,Low
Group_1,1.0,1.0,0.95,18-30,High
Group_4,1.0,0.0,0.4735711228131913,31-45,Low
Group_3,1.0,1.0,0.8020870797689126,18-30,Upper_Middle
Group_1,1.0,1.0,0.8949513899143784,31-45,Low
Group_1,1.0,1.0,0.9204369139345401,46-60,Lower_Middle
Group_1,1.0,1.0,0.95,31-45,High
Group_2,0.0,1.0,0.586292844064632,18-30,Low
Group_4,1.0,0.0,0.33036439819494595,18-30,Low
Group_4,1.0,0.0,0.500879692281923,61+,High
Group_2,1.0,1.0,0.8116262192520803,46-60,Upper_Middle
Group_1,1.0,0.0,0.8530101058509274,46-60,Low
Group_2,0.0,1.0,0.6412002607197318,61+,Upper_Middle
Group_4,1.0,1.0,0.5976519421117303,18-30,High
Group_4,1.0,1.0,0.7087283763788887,31-45,High
Group_3,1.0,1.0,0.9095329399249085,31-45,High
Group_2,1.0,1.0,0.7885168415592154,46-60,High
Group_2,1.0,0.0,0.4389797857369614,61+,Low
Group_1,1.0,1.0,0.95,31-45,High
Group_3,1.0,1.0,0.641011444561379,61+,High
Group_4,0.0,1.0,0.6621554042066143,31-45,High
Group_4,1.0,0.0,0.5604711659195096,46-60,High
Group_2,1.0,1.0,0.8971564982519715,31-45,Upper_Middle
Group_3,1.0,1.0,0.8223820263028432,46-60,Upper_Middle
Group_2,1.0,1.0,0.7865737832038809,46-60,Upper_Middle
Group_2,1.0,1.0,0.8281276469336627,18-30,High
Group_4,1.0,1.0,0.6121125553884235,46-60,Upper_Middle
Group_1,1.0,1.0,0.95,18-30,Upper_Middle
Group_4,0.0,1.0,0.2907849611661822,61+,Lower_Middle
Group_2,1.0,1.0,0.8015143568995637,18-30,Upper_Middle
Group_3,1.0,1.0,0.7751343007415261,18-30,Upper_Middle
Group_1,1.0,1.0,0.95,18-30,Upper_Middle
Group_1,1.0,1.0,0.95,31-45,High
Group_1,1.0,1.0,0.95,31-45,High
Group_1,0.0,1.0,0.9152931720292757,18-30,Lower_Middle
Group_4,1.0,0.0,0.45444382016117973,31-45,Low
Group_1,1.0,1.0,0.7584969196309722,61+,Lower_Middle
Group_1,0.0,0.0,0.6268878695226382,61+,Low
Group_1,1.0,0.0,0.7921427726066159,18-30,Low
Group_1,1.0,1.0,0.95,46-60,Upper_Middle
Group_3,1.0,0.0,0.639606880498099,61+,Upper_Middle
Group_4,1.0,0.0,0.3857190783949319,46-60,Lower_Middle
Group_4,1.0,1.0,0.4993660203236384,31-45,Lower_Middle
Group_3,1.0,1.0,0.4098756511580028,61+,Low
Group_2,1.0,1.0,0.3791827308283915,61+,Low
Group_2,0.0,1.0,0.4535689703155038,61+,Lower_Middle
Group_4,0.0,1.0,0.5714334328049954,46-60,High
Group_1,1.0,1.0,0.95,31-45,Upper_Middle
Group_4,0.0,0.0,0.32040972240292875,18-30,Low
Group_3,1.0,1.0,0.8292889711289839,18-30,Upper_Middle
Group_2,1.0,1.0,0.6550285788397661,61+,High
Group_4,1.0,1.0,0.3785149749390201,18-30,Low
Group_1,1.0,1.0,0.95,18-30,High
Group_4,0.0,0.0,0.45506096923977474,61+,Upper_Middle
Group_1,1.0,1.0,0.95,31-45,Lower_Middle
Group_3,0.0,1.0,0.8547557791186511,31-45,High
Group_2,0.0,0.0,0.3953375689254649,61+,Low
Group_3,0.0,1.0,0.4058552293795783,61+,Low
Group_2,1.0,1.0,0.5128175420933764,46-60,Low
Group_3,1.0,0.0,0.8064368245487928,46-60,Upper_Middle
Group_3,1.0,1.0,0.695792134728371,61+,Upper_Middle
Group_1,1.0,1.0,0.8180258335619897,18-30,Low
Group_1,1.0,1.0,0.95,31-45,Upper_Middle
Group_2,1.0,0.0,0.6211720315647336,18-30,Low
Group_2,1.0,0.0,0.6605867229119295,61+,High
Group_4,0.0,0.0,0.5413689342999406,31-45,Lower_Middle
Group_1,1.0,1.0,0.95,31-45,Lower_Middle
Group_1,1.0,1.0,0.8279887046041161,46-60,Low
Group_3,1.0,1.0,0.7753299308007784,18-30,High
Group_1,1.0,1.0,0.95,31-45,Upper_Middle
Group_1,1.0,1.0,0.95,61+,Upper_Middle
Group_3,0.0,0.0,0.5665441310759523,18-30,Low
Group_4,1.0,0.0,0.6345577454306491,18-30,High
Group_1,1.0,1.0,0.8914505515967199,61+,High
Group_4,0.0,0.0,0.42703959520227464,46-60,Lower_Middle
Group_2,1.0,1.0,0.7520196579594673,46-60,High
Group_3,1.0,1.0,0.677098425825979,61+,High
Group_2,1.0,0.0,0.7348847409899856,31-45,Lower_Middle
Group_1,1.0,1.0,0.95,31-45,Upper_Middle
Group_3,0.0,1.0,0.7819832311717511,18-30,Upper_Middle
Group_1,1.0,1.0,0.95,31-45,High
Group_2,1.0,1.0,0.8668561693972716,31-45,Upper_Middle
Group_3,0.0,1.0,0.7826304314088518,31-45,Lower_Middle
Group_2,1.0,0.0,0.7832696667691507,46-60,High
Group_2,1.0,0.0,0.6694865448888028,61+,Upper_Middle
Group_1,1.0,1.0,0.8930429288347304,61+,Upper_Middle
Group_3,0.0,1.0,0.5505029424695037,18-30,Low
Group_4,1.0,0.0,0.5754288839495474,46-60,High
Group_3,1.0,1.0,0.581417842075485,46-60,Low
Group_4,0.0,0.0,0.38820980066164723,31-45,Low
Group_3,0.0,1.0,0.644589956276992,18-30,Lower_Middle
Group_2,1.0,1.0,0.8209637583965103,46-60,High
Group_2,1.0,1.0,0.95,31-45,High
Group_2,0.0,1.0,0.6318733996035623,46-60,Lower_Middle
Group_2,0.0,1.0,0.6222718708595698,61+,Upper_Middle
Group_3,0.0,0.0,0.5439140185431663,46-60,Low
Group_4,0.0,0.0,0.4420276655149053,31-45,Low
Group_3,1.0,1.0,0.7829698624605602,18-30,High
Group_3,1.0,1.0,0.7971761115159635,46-60,Upper_Middle
Group_3,1.0,0.0,0.6838488725462171,31-45,Lower_Middle
Group_3,1.0,1.0,0.6195247150276331,61+,High
Group_2,1.0,0.0,0.49905666002229526,18-30,Low
Group_4,0.0,1.0,0.4473898521450071,46-60,Lower_Middle
Group_2,1.0,0.0,0.6238226034787434,61+,Upper_Middle
Group_2,1.0,1.0,0.8818375051424024,31-45,Upper_Middle
Group_4,1.0,0.0,0.5736994960223754,18-30,Upper_Middle
Group_2,0.0,1.0,0.8569405517732882,31-45,Upper_Middle
Group_4,1.0,1.0,0.4395164458740447,31-45,Low
Group_4,0.0,1.0,0.36010587834071184,61+,Lower_Middle
Group_3,1.0,1.0,0.748158259752842,18-30,High
Group_4,0.0,0.0,0.24082503198753372,61+,Lower_Middle
Group_4,1.0,1.0,0.5069592120310239,31-45,Lower_Middle
Group_2,1.0,1.0,0.8919550099389013,31-45,High
Group_3,1.0,1.0,0.6947763729196524,61+,High
Group_3,1.0,0.0,0.4883513690143486,46-60,Low
Group_2,1.0,0.0,0.6538908111446676,46-60,Lower_Middle
Group_3,1.0,1.0,0.8604338839181354,31-45,High
Group_3,0.0,1.0,0.7544244363624177,18-30,High
Group_1,1.0,1.0,0.7684489666769044,18-30,Low
Group_3,0.0,0.0,0.6238677636848637,18-30,Lower_Middle
Group_3,1.0,1.0,0.7480100032351804,31-45,Lower_Middle
Group_1,1.0,1.0,0.95,46-60,Upper_Middle
Group_2,1.0,1.0,0.9227582606330985,31-45,High
Group_4,1.0,1.0,0.5032607279579909,61+,High
Group_3,1.0,0.0,0.46779193886411957,61+,Lower_Middle
Group_1,1.0,1.0,0.8722866257569176,61+,High
Group_3,1.0,1.0,0.7928324047455712,46-60,Upper_Middle
Group_2,0.0,0.0,0.5214754509330508,61+,Lower_Middle
Group_1,1.0,1.0,0.95,18-30,High
Group_4,0.0,0.0,0.4597012781002263,61+,Upper_Middle
Group_4,1.0,1.0,0.4317557400676907,61+,High
Group_2,0.0,0.0,0.7135084256586219,31-45,Lower_Middle
Group_3,1.0,1.0,0.5512160771473523,18-30,Low
Group_3,1.0,1.0,0.9466618377043701,31-45,Upper_Middle
Group_3,1.0,0.0,0.38441720812617597,61+,Low
Group_1,1.0,1.0,0.95,18-30,Upper_Middle
Group_4,1.0,1.0,0.5755054511364714,46-60,High
Group_1,1.0,0.0,0.8780270887913645,31-45,Low
Group_4,0.0,0.0,0.45017193593215116,46-60,Lower_Middle
Group_3,1.0,1.0,0.8032082735766096,46-60,High
Group_4,1.0,0.0,0.4034575343170694,46-60,Lower_Middle
Group_4,0.0,0.0,0.17237135097658865,61+,Low
Group_4,1.0,0.0,0.5689678664262243,46-60,Upper_Middle
Group_2,0.0,1.0,0.6867112652193128,46-60,Lower_Middle
Group_3,1.0,1.0,0.49384174192456937,61+,Lower_Middle
Group_1,1.0,1.0,0.95,46-60,Upper_Middle
Group_4,0.0,1.0,0.5939628294087765,46-60,Upper_Middle
Group_4,1.0,1.0,0.6996775417778633,31-45,High
Group_4,1.0,0.0,0.7007730805791477,31-45,Upper_Middle
Group_2,0.0,1.0,0.6156922740484918,46-60,Lower_Middle
Group_3,1.0,1.0,0.8922277850299865,31-45,Upper_Middle
Group_3,0.0,1.0,0.7355571684937364,46-60,High
Group_4,1.0,1.0,0.6434794595357083,18-30,High
Group_1,1.0,1.0,0.9127661816609669,18-30,Lower_Middle
Group_4,0.0,0.0,0.3188743093807974,61+,Lower_Middle
Group_4,1.0,1.0,0.5632060455577174,31-45,Lower_Middle
Group_3,1.0,1.0,0.488810375667245,61+,Lower_Middle
Group_3,1.0,1.0,0.7064415667532755,31-45,Lower_Middle
Group_3,1.0,1.0,0.8362641573121278,46-60,High
Group_4,0.0,1.0,0.5211834519365626,46-60,Lower_Middle
Group_4,1.0,0.0,0.4511861263421656,61+,High
Group_1,0.0,0.0,0.9183388748331598,46-60,Lower_Middle
Group_2,0.0,1.0,0.4216713216479281,61+,Low
Group_1,1.0,0.0,0.8886687943830935,46-60,Lower_Middle
Group_3,1.0,1.0,0.6600211538769093,18-30,Lower_Middle
Group_2,0.0,1.0,0.506415796714941,61+,Lower_Middle
Group_4,0.0,0.0,0.314176411905242,61+,Lower_Middle
Group_3,1.0,1.0,0.8146720837517525,46-60,Upper_Middle
Group_1,0.0,0.0,0.6505133216965236,61+,Low
Group_3,1.0,0.0,0.624492531004411,61+,Upper_Middle
Group_2,0.0,0.0,0.6408621184397245,46-60,Lower_Middle
Group_4,0.0,0.0,0.7113134849611086,31-45,Upper_Middle
Group_4,0.0,0.0,0.45000026412594607,18-30,Lower_Middle
Group_1,1.0,1.0,0.95,18-30,High
Group_4,0.0,0.0,0.5862208610597777,31-45,Lower_Middle
Group_3,1.0,1.0,0.7377747115135312,18-30,Upper_Middle
Group_4,1.0,1.0,0.4205008993600693,18-30,Lower_Middle
Group_4,0.0,1.0,0.401512860428873,18-30,Lower_Middle
Group_2,1.0,1.0,0.6957928345055648,31-45,Lower_Middle
Group_4,0.0,0.0,0.3871360762493185,46-60,Low
Group_4,0.0,0.0,0.5555839873348094,18-30,High
Group_3,1.0,0.0,0.5932120832656166,61+,Upper_Middle
Group_2,1.0,1.0,0.8921804978172482,31-45,High
Group_2,1.0,1.0,0.948476635897369,31-45,High
Group_4,0.0,0.0,0.22397869968926548,61+,Low
Group_3,1.0,1.0,0.8166160642159148,18-30,Upper_Middle
Group_1,1.0,1.0,0.95,18-30,High
Group_3,1.0,1.0,0.8316806558070485,46-60,High
Group_4,1.0,0.0,0.29135645254066556,46-60,Low
Group_2,0.0,1.0,0.512285735177604,61+,Lower_Middle
Group_2,1.0,1.0,0.8423253854685298,31-45,High
Group_3,1.0,1.0,0.8563305209891838,31-45,High
Group_3,1.0,0.0,0.8026742126585201,46-60,High
Group_1,0.0,1.0,0.7837507588398741,18-30,Low
Group_4,1.0,1.0,0.6014971045358145,18-30,Upper_Middle
Group_4,1.0,0.0,0.6296338841619229,18-30,High
Group_1,1.0,0.0,0.931854855733295,31-45,Lower_Middle
Group_4,1.0,1.0,0.633799626634546,31-45,High
Group_3,1.0,1.0,0.6396366541804158,31-45,Low
Group_3,1.0,1.0,0.6357520484477351,61+,High
Group_1,1.0,1.0,0.95,31-45,Upper_Middle
Group_4,1.0,1.0,0.30841447849692677,61+,Lower_Middle
Group_3,1.0,1.0,0.680982408512267,46-60,Lower_Middle
Group_1,1.0,1.0,0.8443986357941241,46-60,Low
Group_4,0.0,0.0,0.18695821117245232,61+,Low
Group_3,0.0,0.0,0.5913519799085605,18-30,Lower_Middle
Group_3,1.0,1.0,0.907238661191119,31-45,High
Group_3,1.0,1.0,0.7951220050061414,18-30,High
Group_4,1.0,0.0,0.22944784207991503,61+,Low
Group_3,0.0,1.0,0.5145354563854392,61+,Lower_Middle
Group_2,1.0,1.0,0.8798875593913007,31-45,Upper_Middle
Group_3,0.0,0.0,0.4902824544450521,61+,Lower_Middle
Group_3,1.0,1.0,0.8820768802663351,31-45,High
Group_3,0.0,0.0,0.6147778693004529,31-45,Low
Group_1,1.0,0.0,0.8747691254084158,18-30,Lower_Middle
Group_2,0.0,0.0,0.7171073842177373,46-60,Upper_Middle
Group_2,0.0,0.0,0.7093039755189499,31-45,Lower_Middle
Group_1,1.0,1.0,0.95,46-60,Upper_Middle
Group_4,0.0,1.0,0.6009036592974515,18-30,High
Group_3,1.0,0.0,0.8195362795903705,18-30,High
Group_2,1.0,0.0,0.8284257796696369,18-30,Upper_Middle
Group_1,1.0,1.0,0.95,31-45,High
Group_4,1.0,0.0,0.6842283141818107,31-45,Upper_Middle
Group_2,1.0,1.0,0.642599153992333,46-60,Lower_Middle
Group_1,1.0,1.0,0.908696450376929,18-30,Lower_Middle
Group_3,0.0,0.0,0.5256922109817795,61+,Lower_Middle
Group_3,0.0,1.0,0.6815529176184825,61+,High
Group_3,1.0,1.0,0.5540100841800631,46-60,Low
Group_1,1.0,1.0,0.8048678707579155,18-30,Low
Group_1,1.0,1.0,0.95,18-30,Upper_Middle
Group_1,1.0,1.0,0.9028181133228312,61+,High
Group_4,0.0,0.0,0.3971775944510347,61+,Upper_Middle
Group_4,0.0,0.0,0.41392514593098695,61+,High
Group_2,1.0,1.0,0.8690771330285505,31-45,High
Group_1,1.0,0.0,0.6068882699663731,61+,Low
Group_2,1.0,1.0,0.7737261588073207,18-30,Upper_Middle
Group_2,0.0,0.0,0.5265575730577402,61+,Lower_Middle
Group_4,1.0,1.0,0.49434197847444034,18-30,Lower_Middle
Group_1,1.0,1.0,0.95,31-45,Upper_Middle
Group_4,0.0,1.0,0.539308050274407,31-45,Lower_Middle
Group_2,1.0,1.0,0.8002613754996784,46-60,Upper_Middle
Group_2,1.0,1.0,0.7933689443303172,46-60,Upper_Middle
Group_2,1.0,0.0,0.5448263626126264,18-30,Lower_Middle
Group_3,1.0,0.0,0.7233260701534447,31-45,Lower_Middle
Group_1,1.0,0.0,0.8706706940840592,18-30,Lower_Middle
Group_3,1.0,1.0,0.784698897484999,18-30,High
Group_4,1.0,0.0,0.43151060990817924,31-45,Low
Group_3,1.0,1.0,0.7658152166345408,46-60,High
Group_4,1.0,0.0,0.3860974726034939,18-30,Low
Group_1,1.0,0.0,0.6200705173832576,61+,Low
Group_1,1.0,1.0,0.8761947399603456,46-60,Lower_Middle
Group_2,0.0,0.0,0.4060223259616646,61+,Low
Group_4,0.0,0.0,0.329129819002408,18-30,Low
Group_2,0.0,1.0,0.4726541026982156,61+,Lower_Middle
Group_2,1.0,0.0,0.6348512484775564,46-60,Lower_Middle
Group_1,1.0,1.0,0.8915229733887752,46-60,Lower_Middle
Group_2,0.0,0.0,0.5963340525938924,61+,Upper_Middle
Group_2,0.0,1.0,0.5724483876177677,18-30,Low
Group_2,1.0,0.0,0.6302812067710636,61+,High
Group_4,1.0,1.0,0.5742839452272308,18-30,Upper_Middle
Group_4,1.0,0.0,0.6331400562188424,46-60,Upper_Middle
Group_4,0.0,1.0,0.43323553583318875,18-30,Lower_Middle
Group_3,1.0,1.0,0.6423652548462305,46-60,Lower_Middle
Group_4,0.0,0.0,0.25703056785975614,61+,Low
Group_1,0.0,1.0,0.8506695678027406,18-30,Lower_Middle
Group_1,1.0,0.0,0.9372178762834308,61+,Upper_Middle
Group_2,0.0,1.0,0.8937346719820582,31-45,High
Group_4,1.0,1.0,0.6539508633165039,31-45,High
Group_1,1.0,1.0,0.95,46-60,Upper_Middle
Group_3,1.0,1.0,0.7527217395907257,18-30,High
Group_2,1.0,1.0,0.6490500546100537,46-60,Lower_Middle
Group_1,1.0,1.0,0.95,31-45,High
Group_1,1.0,1.0,0.95,31-45,Upper_Middle
Group_1,1.0,1.0,0.8425695563882777,18-30,Lower_Middle
Group_4,1.0,1.0,0.7228073702141776,31-45,Upper_Middle
